Passenger ID,Number of Teleports,First Name,Last Name
69978,32,Shannong,Victoru
644,27,Brenda,Reyesg
5285,27,Hannahf,Juliep
57330,26,Wheelere,Marko
57549,26,Davisht,Barbaraj
6938,25,Moorek,Danielgh
7763,25,Dustinr,Andrewf
9647,25,Johnwc,Tamaraw
37701,25,Daniellep,Michellegb
65353,25,Chenz,Cox
70318,25,Whitney,Luisx
78666,25,Shawnj,Carol
82394,25,Karen,Elliott
26724,24,Allene,Davidlp
28179,24,Michaelv,Smithkr
52842,24,Dr.d,Larryr
65390,24,Connor,Jessicatm
82833,24,Stephaniev,Ravenu
4915,23,Victor,Matthewse
5814,23,Howe,Dr.d
10335,23,Jamessqj,Jacquelineg
14225,23,Smithcl,Harringtonv
15376,23,Ericu,Benjamind
25224,23,Miranda,Booker
28655,23,Cannon,Charlesc
34158,23,Olson,Andrewo
37434,23,Nicolas,Williamsonk
45888,23,Ryano,Julieh
48106,23,Jacksong,Timothyj
52283,23,Hubbard,Danielo
62806,23,Gibbs,Shaw
68919,23,Floresn,Holmesx
70804,23,Molly,Michaelhl
76699,23,Burnsn,Stephanief
81690,23,Colleenv,Michellem
90209,23,Brianyx,Christopherzs
5084,22,Collinsb,Norriso
14486,22,Moyerp,Morganjc
15485,22,Rachelu,Marquezv
18422,22,Delgadoa,Melissai
21188,22,Kara,Martinezd
21425,22,Andrews,Warren
23234,22,Johnsonk,Williamc
31408,22,Luna,Melanie
33016,22,Robertsy,Johnqw
33191,22,Alisonc,Vanessav
35611,22,Alfredv,Youngd
36517,22,Amandap,Clay
38518,22,Debra,Josephe
38979,22,Guzmanx,Mitchellx
40451,22,Melissaa,Phillipst
46512,22,Dianag,Acostax
88729,22,Estrada,Maryz
92744,22,Thomass,Kaylafe
94739,22,Mclaughlinw,Brownf
97179,22,Elizabethvw,Brent
591,21,Maryn,Navarro
973,21,Davisnt,Kennethh
4727,21,Michellez,Jeffreyv
8067,21,Denise,Hallk
8293,21,Brandona,Kimberly
10998,21,Lindsey,Maureen
14501,21,Martinezz,Tinay
17107,21,Michelleg,Kyle
26436,21,Jimenezu,Floydg
26862,21,Chris,Wisem
31164,21,Curtisk,Judithe
31770,21,Alexanderu,Donaldi
34456,21,Christinat,Gordona
36804,21,Archerx,Joelp
38512,21,Jacobs,Mr.z
39176,21,Anna,Anthonyk
53931,21,Davisho,Christophers
57433,21,Andrewa,Jessicau
68270,21,Vincentd,Seany
76389,21,Jenniferl,Mr.n
79691,21,Briangb,Floresnt
82853,21,Davidk,Robertsl
89849,21,Jonathanv,Juanzz
90004,21,Brady,Kyle
90124,21,Sharond,Moyer
91842,21,Natalie,Kellyp
93633,21,Melissae,Guerreroo
95252,21,Hancock,Whitneyh
2067,20,Andersona,Miguel
16370,20,Scottn,Melvinq
18201,20,Gregoryh,Scottfo
18949,20,Levy,Kennethhv
23356,20,Kristinc,Joshuae
24378,20,Carolynm,Annap
25272,20,Michelleh,Laura
27704,20,Gregorynt,Stacyy
39397,20,Leecy,Paulq
45423,20,Weaver,Emilyx
47266,20,Vanessa,Mariae
66507,20,Bondo,Tamaraw
74617,20,Lowei,Cartern
84288,20,Mallory,Morse
90799,20,Christiner,Stephenst
96740,20,Grossn,Lunau
